Autor*in;Titel;Referenzkorpus (Vorschlag);Jahr;Sprache;Genre;Wiki-Data ID Work;Wiki-Data ID Author;Referenz;Filename;New_Filename
Adalbert Stifter;Der beschriebene Tännling;;1846;Deutsch;;https://www.wikidata.org/wiki/Q65565750;Q168542;;Adalbert_Stifter_-_Der_beschriebene_Tännling_(1846).txt;1846_Stifter_Der-beschriebene-Taennling.xml
Adolf Pichler;Ein Brautpaar;;1867;Deutsch;;;Q88910;;Adolf_Pichler_-_Ein_Brautpaar_(1867).txt;1867_Pichler_Ein-Brautpaar.xml
Agnes Günther;Die Heilige und ihr Narr - Band 2;;1913;Deutsch;;https://www.wikidata.org/wiki/Q1170730;Q106107;;Agnes_Günther_-_Die_Heilige_und_ihr_Narr_-_Band_2_(1913).txt;1913_Guenther_Die-Heilige-und.xml
Alois Theodor Sonnleitner;Die Höhlenkinder  Im Heimlichen Grund;;1918;Deutsch;KJL;https://www.wikidata.org/wiki/Q1213545;Q94580;;Alois_Theodor_Sonnleitner_-_Die_Höhlenkinder_–_Im_Heimlichen_Grund_(1918).txt;1918_Sonnleitner_Die-Hoehlenkinder-Im.xml
Alois Theodor Sonnleitner;Die Höhlenkinder  Im Steinhaus;;1920;Deutsch;KJL;https://www.wikidata.org/wiki/Q1213545;Q94580;;Alois_Theodor_Sonnleitner_-_Die_Höhlenkinder_–_Im_Steinhaus_(1920).txt;1920_Sonnleitner_Die-Hoehlenkinder-Im.xml
August Kopisch;Ein Carnevalsfest auf Ischia;;1856;Deutsch;;;Q88387;;August_Kopisch_-_Ein_Carnevalsfest_auf_Ischia_(1856).txt;1856_Kopisch_Ein-Carnevalsfest-auf.xml
Berthold Auerbach;Auf der Höhe Dritter Band;;1865;Deutsch;;;Q76715;;Berthold_Auerbach_-_Auf_der_Höhe_Dritter_Band_(1865).txt;1865_Auerbach_Auf-der-Hoehe.xml
Charles Sealsfield;In der Prärie verirrt;;1841;Deutsch;;;Q79153;;Charles_Sealsfield_-_In_der_Prärie_verirrt_(1841).txt;1841_Sealsfield_In-der-Praerie.xml
Christoph von Schmid;Wie Heinrich von Eichenfels zur Erkenntnis Gottes kam;;1817;Deutsch;;;Q68202;;Christoph_von_Schmid_-_Wie_Heinrich_von_Eichenfels_zur_Erkenntnis_Gottes_kam_(1817).txt;1817_von-Schmid_Wie-Heinrich-von.xml
Clemens Brentano;Aus der Chronika eines fahrenden Schülers (Zweite Fassung);;1818;Deutsch;;https://www.wikidata.org/wiki/Q777681;Q57235;;Clemens_Brentano_-_Aus_der_Chronika_eines_fahrenden_Schülers_(Zweite_Fassung)_(1818).txt;1818_Brentano_Aus-der-Chronika.xml
Clemens Brentano;Die mehreren Wehmüller und ungarischen Nationalgesichter;;1817;Deutsch;;https://www.wikidata.org/wiki/Q1219028;Q57235;;Clemens_Brentano_-_Die_mehreren_Wehmüller_und_ungarischen_Nationalgesichter_(1817).txt;1817_Brentano_Die-mehreren-Wehmueller.xml
Curt Grottewitz;Sonntage eines Großstädters in der Natur;;1906;Deutsch;;;Q1145102;;Curt_Grottewitz_-_Sonntage_eines_Großstädters_in_der_Natur_(1906).txt;1906_Grottewitz_Sonntage-eines-Grossstaedters.xml
David Friedrich Weinland;Rulaman;;1878;Deutsch;KJL;https://www.wikidata.org/wiki/Q1615214;Q100876;;David_Friedrich_Weinland_-_Rulaman_(1878).txt;1878_Weinland_Rulaman.xml
E. T. A. Hoffmann;Die Irrungen - Verloren und Gefunden;;1820;Deutsch;;;Q150471;;ETA_Hoffmann_-_Die_Irrungen_-_Verloren_und_Gefunden_(1820).txt;1820_Hoffmann_Die-Irrungen-Verloren.xml
Eduard von Keyserling;Seine Liebeserfahrung;;1906;Deutsch;;https://www.wikidata.org/wiki/Q19228050;Q77494;;Eduard_von_Keyserling_-_Seine_Liebeserfahrung_(1906).txt;1906_von-Keyserling_Seine-Liebeserfahrung.xml
Ferdinand von Saar;Innocens;;1866;Deutsch;;https://www.wikidata.org/wiki/Q1664115;Q78977;;Ferdinand_von_Saar_-_Innocens_(1866).txt;1866_von-Saar_Innocens.xml
Franz Kafka;Auf der Galerie;;1916;Deutsch;;https://www.wikidata.org/wiki/Q759401;Q905;;Franz_Kafka_-_Auf_der_Galerie_(1916).txt;1916_Kafka_Auf-der-Galerie.xml
Franz Kafka;Der Geier;;1916;Deutsch;;https://www.wikidata.org/wiki/Q540207;Q905;;Franz_Kafka_-_Der_Geier_(1916).txt;1916_Kafka_Der-Geier.xml
Franz Kafka;Prometheus;;1918;Deutsch;;https://www.wikidata.org/wiki/Q2112789;Q905;;Franz_Kafka_-_Prometheus_(1918).txt;1918_Kafka_Prometheus.xml
Franz Kafka;Schakale und Araber;;1916;Deutsch;;https://www.wikidata.org/wiki/Q1351849;Q905;;Franz_Kafka_-_Schakale_und_Araber_(1916).txt;1916_Kafka_Schakale-und-Araber.xml
Friedrich Gerstäcker;Der Fischfang am Mississippi;;1847;Deutsch;;;Q77478;;Friedrich_Gerstäcker_-_Der_Fischfang_am_Mississippi_(1847).txt;1847_Gerstaecker_Der-Fischfang-am.xml
Friedrich Gerstäcker;Die Nacht auf dem Walfisch;;1858;Deutsch;;;Q77478;;Friedrich_Gerstäcker_-_Die_Nacht_auf_dem_Walfisch_(1858).txt;1858_Gerstaecker_Die-Nacht-auf.xml
Friedrich Gerstäcker;Die Regulatoren in Arkansas;;1845;Deutsch;;https://www.wikidata.org/wiki/Q110879272;Q77478;;Friedrich_Gerstäcker_-_Die_Regulatoren_in_Arkansas_(1845).txt;1845_Gerstaecker_Die-Regulatoren-in.xml
Friedrich Gerstäcker;John Wells;;1859;Deutsch;;;Q77478;;Friedrich_Gerstäcker_-_John_Wells_(1859).txt;1859_Gerstaecker_John-Wells.xml
Gottfried August Bürger;Münchhausen;;1786;Deutsch;;https://www.wikidata.org/wiki/Q61739609;Q213675;;Gottfried_August_Bürger_-_Münchhausen_(1786).txt;1786_Buerger_Muenchhausen.xml
Gottfried Keller;Die drei gerechten Kammacher;;1856;Deutsch;;https://www.wikidata.org/wiki/Q1218123;Q122370;;Gottfried_Keller_-_Die_drei_gerechten_Kammacher_(1856).txt;1856_Keller_Die-drei-gerechten.xml
Gottfried Keller;Spiegel;;1856;Deutsch;;https://www.wikidata.org/wiki/Q2309783;Q122370;;Gottfried_Keller_-_Spiegel,_das_Kätzchen_(1856).txt;1856_Keller_Spiegel.xml
Gustav Sack;Ein verbummelter Student;;1917;Deutsch;;https://www.wikidata.org/wiki/Q108045160;Q1556344;;Gustav_Sack_-_Ein_verbummelter_Student_(1917).txt;1917_Sack_Ein-verbummelter-Student.xml
Heinrich Heine;Schnabelewopski;;1834;Deutsch;;https://www.wikidata.org/wiki/Q120402662;Q44403;;Heinrich_Heine_-_Schnabelewopski_(1834).txt;1834_Heine_Schnabelewopski.xml
Heinrich Laube;Johanna;;1837;Deutsch;;;Q77470;;Heinrich_Laube_-_Johanna_(1837).txt;1837_Laube_Johanna.xml
Heinrich Seidel;Der Rosenkönig;;1899;Deutsch;;;Q74585;;Heinrich_Seidel_-_Der_Rosenkönig_(1899).txt;1899_Seidel_Der-Rosenkoenig.xml
Heinrich Seidel;Ein Skizzenbuch;;1878;Deutsch;;;Q74585;;Heinrich_Seidel_-_Ein_Skizzenbuch_(1878).txt;1878_Seidel_Ein-Skizzenbuch.xml
Heinrich Seidel;Fliegender Sommer;;1873;Deutsch;;;Q74585;;Heinrich_Seidel_-_Fliegender_Sommer_(1873).txt;1873_Seidel_Fliegender-Sommer.xml
Hermann Löns;Aus Forst und Flur. Vierzig Tiernovellen;;1914;Deutsch;;;Q77486;;Hermann_Löns_-_Aus_Forst_und_Flur._Vierzig_Tiernovellen_(1914).txt;1914_Loens_Aus-Forst-und.xml
Hermann Löns;Der zweckmäßige Meyer und andere Geschichten;;1911;Deutsch;;https://www.wikidata.org/wiki/Q19171447;Q77486;;Hermann_Löns_-_Der_zweckmäßige_Meyer_und_andere_Geschichten_(1911).txt;1911_Loens_Der-zweckmaessige-Meyer.xml
Hermann Löns;Heimatliche Naturbilder - Da draußen vor dem Tore;;1911;Deutsch;;;Q77486;;Hermann_Löns_-_Heimatliche_Naturbilder_-_Da_draußen_vor_dem_Tore_(1911).txt;1911_Loens_Heimatliche-Naturbilder-Da.xml
Hermann Löns;Jagdgeschichten;;1914;Deutsch;;;Q77486;;Hermann_Löns_-_Jagdgeschichten_(1914).txt;1914_Loens_Jagdgeschichten.xml
Hermann Löns;Kraut und Lot (Kapitel die Jagdkleidung);;1911;Deutsch;;;Q77486;;Hermann_Löns_-_Kraut_und_Lot_(1911).txt;1911_Loens_Kraut-und-Lot.xml
Hermann Löns;Mein braunes Buch;;1907;Deutsch;;;Q77486;;Hermann_Löns_-_Mein_braunes_Buch_(1907).txt;1907_Loens_Mein-braunes-Buch.xml
Hermann Löns;Mein buntes Buch;;1913;Deutsch;;;Q77486;;Hermann_Löns_-_Mein_buntes_Buch_(1913).txt;1913_Loens_Mein-buntes-Buch.xml
Hermann Löns;Mein grünes Buch;;1901;Deutsch;;;Q77486;;Hermann_Löns_-_Mein_grünes_Buch_(1901).txt;1901_Loens_Mein-gruenes-Buch.xml
Hermann Löns;Tiergeschichten;;1909;Deutsch;;;Q77486;;Hermann_Löns_-_Tiergeschichten_(1909).txt;1909_Loens_Tiergeschichten.xml
Jakob Michael Reinhold Lenz;Empfindsamster aller Romane;;1781;Deutsch;;;Q76417;;Jakob_Michael_Reinhold_Lenz_-_Empfindsamster_aller_Romane_(1781).txt;1781_Lenz_Empfindsamster-aller-Romane.xml
Jean Paul;Schulmeisterlein Wutz;;1790;Deutsch;;https://www.wikidata.org/wiki/Q1810880;Q77079;;Jean_Paul_-_Schulmeisterlein_Wutz_(1790).txt;1790_Paul_Schulmeisterlein-Wutz.xml
Jean Qui Rit;Scharfe Geschichten;;1908;Deutsch;;;Q1118918;;Jean_Qui_Rit_-_Scharfe_Geschichten_(1908).txt;1908_Qui-Rit_Scharfe-Geschichten.xml
Jeremias Gotthelf;Der Oberamtmann und der Amtsrichter;;1853;Deutsch;;;Q122358;;Jeremias_Gotthelf_-_Der_Oberamtmann_und_der_Amtsrichter_(1853).txt;1853_Gotthelf_Der-Oberamtmann-und.xml
Jeremias Gotthelf;Die schwarze Spinne;;1842;Deutsch;;https://www.wikidata.org/wiki/Q502598;Q122358;;Jeremias_Gotthelf_-_Die_schwarze_Spinne_(1842).txt;1842_Gotthelf_Die-schwarze-Spinne.xml
Jeremias Gotthelf;Kurt von Koppigen;;1844;Deutsch;;https://www.wikidata.org/wiki/Q1794314;Q122358;;Jeremias_Gotthelf_-_Kurt_von_Koppigen_(1844).txt;1844_Gotthelf_Kurt-von-Koppigen.xml
Johann David Wyss;Der schweizerische Robinson;;1812;Deutsch;;https://www.wikidata.org/wiki/Q665715;Q115822;;Johann_David_Wyss_-_Der_schweizerische_Robinson_(1812).txt;1812_Wyss_Der-schweizerische-Robinson.xml
Johanna Spyri;Beim Weiden-Joseph;;1882;Deutsch;;;Q123053;;Johanna_Spyri_-_Beim_Weiden-Joseph_(1882).txt;1882_Spyri_Beim-Weiden-Joseph.xml
Joseph von Eichendorff;Das Marmorbild;;1819;Deutsch;;https://www.wikidata.org/wiki/Q1169722;Q77204;;Joseph_von_Eichendorff_-_Das_Marmorbild_(1819).txt;1819_von-Eichendorff_Das-Marmorbild.xml
Joseph von Eichendorff;Die Glücksritter;;1841;Deutsch;;https://www.wikidata.org/wiki/Q1213098;Q77204;;Joseph_von_Eichendorff_-_Die_Glücksritter_(1841).txt;1841_von-Eichendorff_Die-Gluecksritter.xml
Joseph von Eichendorff;Libertas und ihre Freier;;1848;Deutsch;;;Q77204;;Joseph_von_Eichendorff_-_Libertas_und_ihre_Freier_(1848).txt;1848_von-Eichendorff_Libertas-und-ihre.xml
Karl Philipp Moritz;Fragmente aus dem Tagebuche eines Geistersehers;;1787;Deutsch;;;Q215781;;Karl_Philipp_Moritz_-_Fragmente_aus_dem_Tagebuche_eines_Geistersehers_(1787).txt;1787_Moritz_Fragmente-aus-dem.xml
Klabund;Franziskus;;1921;Deutsch;;;Q61263;;Klabund_-_Franziskus_(1921).txt;1921_Klabund_Franziskus.xml
Klabund;Hieronymus;;1928;Deutsch;;;Q61263;;Klabund_-_Hieronymus_(1928).txt;1928_Klabund_Hieronymus.xml
Klabund;Mohammed;;1917;Deutsch;;;Q61263;;Klabund_-_Mohammed_(1917).txt;1917_Klabund_Mohammed.xml
Klabund;Moreau;;1915;Deutsch;;;Q61263;;Klabund_-_Moreau_(1915).txt;1915_Klabund_Moreau.xml
Kurd Lasswitz;Homchen;;1902;Deutsch;;;Q61453;;Kurd_Laßwitz_-_Homchen_(1902).txt;1902_Lasswitz_Homchen.xml
Leopold von Sacher-Masoch;Der Capitulant;;1875;Deutsch;;;Q78474;;Leopold_von_Sacher-Masoch_-_Der_Capitulant_(1875).txt;1875_von-Sacher-Masoch_Der-Capitulant.xml
Leopold von Sacher-Masoch;Don Juan von Kolomea;;1875;Deutsch;;https://www.wikidata.org/wiki/Q108603761;Q78474;;Leopold_von_Sacher-Masoch_-_Don_Juan_von_Kolomea_(1875).txt;1875_von-Sacher-Masoch_Don-Juan-von.xml
Ludwig Aurbacher;Erzählungen;;1847;Deutsch;;;Q106617;;Ludwig_Aurbacher_-_Erzählungen,_Lieder_und_Sprüche_aus_dem_Allerley_(1847).txt;1847_Aurbacher_Erzaehlungen.xml
Ludwig Bechstein;In optima forma;;1854;Deutsch;;;Q66379;;Ludwig_Bechstein_-_In_optima_forma_(1854).txt;1854_Bechstein_In-optima-forma.xml
Ludwig Tieck;Die schoene Magelone;;1812;Deutsch;;;Q57239;;Ludwig_Tieck_-_Die_schoene_Magelone_(1812).txt;1812_Tieck_Die-schoene-Magelone.xml
Manfred Kyber;Balduin Brummsel und andere Tiergeschichten;;1933;Deutsch;;;Q115335;;Manfred_Kyber_-_Balduin_Brummsel_und_andere_Tiergeschichten_(1933).txt;1933_Kyber_Balduin-Brummsel-und.xml
Marie von Ebner-Eschenbach;Krambambuli;;1884;Deutsch;;https://www.wikidata.org/wiki/Q1385007;Q93525;;Marie_von_Ebner-Eschenbach_-_Krambambuli_(1884).txt;1884_von-Ebner-Eschenbach_Krambambuli.xml
Matthias Blank;Der Mord im Ballsaal;;1909;Deutsch;;;Q19224541;;Matthias_Blank_-_Der_Mord_im_Ballsaal_(1909).txt;1909_Blank_Der-Mord-im.xml
Max Dauthendey;Der Knabe auf dem Kopf des Elephanten;;1909;Deutsch;;;Q481550;;Max_Dauthendey_-_Der_Knabe_auf_dem_Kopf_des_Elephanten_(1909).txt;1909_Dauthendey_Der-Knabe-auf.xml
Max Dauthendey;Die Abendglocken vom Mijderatempel hören;;1909;Deutsch;;;Q481550;;Max_Dauthendey_-_Die_Abendglocken_vom_Mijderatempel_hören_(1909).txt;1909_Dauthendey_Die-Abendglocken-vom.xml
Max Dauthendey;Die acht Gesichter am Biwasee;;1911;Deutsch;;https://www.wikidata.org/wiki/Q108612837;Q481550;;Max_Dauthendey_-_Die_acht_Gesichter_am_Biwasee_(1911).txt;1911_Dauthendey_Die-acht-Gesichter.xml
Oskar Panizza;Aus dem Tagebuch eines Hundes;;1892;Deutsch;;;Q62871;;Oskar_Panizza_-_Aus_dem_Tagebuch_eines_Hundes_(1892).txt;1892_Panizza_Aus-dem-Tagebuch.xml
Otto Julius Bierbaum;Im Kahne;;1895;Deutsch;;;Q64001;;Otto_Julius_Bierbaum_-_Im_Kahne_(1895).txt;1895_Bierbaum_Im-Kahne.xml
Paul Ernst;Komödianten- und Spitzbubengeschichten;;1920;Deutsch;;;Q72557;;Paul_Ernst_-_Komödianten-_und_Spitzbubengeschichten_(1920).txt;1920_Ernst_Komoedianten-und-Spitzbubengeschichten.xml
Paul Heyse;Das Glück von Rothenburg;;1881;Deutsch;;;Q76487;;Paul_Heyse_-_Das_Glück_von_Rothenburg_(1881).txt;1881_Heyse_Das-Glueck-von.xml
Peter Rosegger;Jakob der Letzte;;1889;Deutsch;;https://www.wikidata.org/wiki/Q15507850;Q93841;;Peter_Rosegger_-_Jakob_der_Letzte_(1889).txt;1889_Rosegger_Jakob-der-Letzte.xml
Salomon Gessner;Daphnis;;1754;Deutsch;;;Q123765;;Salomon_Geßner_-_Daphnis_(1754).txt;1754_Gessner_Daphnis.xml
Salomon Gessner;Idas und Mycon;;1777;Deutsch;;;Q123765;;Salomon_Geßner_-_Idas_und_Mycon_(1777).txt;1777_Gessner_Idas-und-Mycon.xml
Sophie Wörishöffer;Das Naturforscherschiff;;1880;Deutsch;;;Q75259;;Sophie_Wörishöffer_-_Das_Naturforscherschiff_(1880).txt;1880_Woerishoeffer_Das-Naturforscherschiff.xml
Theodor Storm;Von Kindern und Katzen und wie sie die Nine begruben;;1876;Deutsch;;;Q26993;;Theodor_Storm_-_Von_Kindern_und_Katzen_und_wie_sie_die_Nine_begruben_(1876).txt;1876_Storm_Von-Kindern-und.xml
Wilhelm Heinrich Riehl;Der stumme Ratsherr;;1895;Deutsch;;;Q77020;;Wilhelm_Heinrich_Riehl_-_Der_stumme_Ratsherr_(1895).txt;1895_Riehl_Der-stumme-Ratsherr.xml
Wilhelm Jensen;Karin von Schweden;;1872;Deutsch;;https://www.wikidata.org/wiki/Q130308185;Q77444;;Wilhelm_Jensen_-_Karin_von_Schweden_(1872).txt;1872_Jensen_Karin-von-Schweden.xml
Wilhelm Raabe;Im Siegeskranze;;1866;Deutsch;;https://www.wikidata.org/wiki/Q1659461;Q60647;;Wilhelm_Raabe_-_Im_Siegeskranze_(1866).txt;1866_Raabe_Im-Siegeskranze.xml
Louise Anklam;Der wilde Arno;;1898;Deutsch;;;;;Anklam_Louise_Kindergeschichten_Der_wilde_Arno.txt;1898_Anklam_Der-wilde-Arno.xml
Marie Bernhard;Heimatluft;;1905;Deutsch;;;;;Bernhard_Marie_Heimatluft.txt;1905_Bernhard_Heimatluft.xml
Ida Bindschedler;Die Turnachkinder im Sommer;;1906;Deutsch;;;;;Bindschedler_Ida_Die_Turnachkinder_im_Sommer.txt;1906_Bindschedler_Die-Turnachkinder-im.xml
Ida Bindschedler;Die Turnachkinder im Winter;;1909;Deutsch;;;;;Bindschedler_Ida_Die_Turnachkinder_im_Winter.txt;1909_Bindschedler_Die-Turnachkinder-im.xml
Helene Böhlau;Das ehrbußliche Weiblein;;1897;Deutsch;;;;;Boehlau_Helene_Altweimarische_Liebesgeschichten_Das_ehrbussliche_Weiblein.txt;1897_Boehlau_Das-ehrbussliche-Weiblein.xml
Helene Böhlau;Im alten Rödchen zu Weimar;;1897;Deutsch;;;;;Boehlau_Helene_Altweimarische_Liebesgeschichten_Im_alten_Roedchen.txt;1897_Boehlau_Im-alten-Roedchen.xml
Helene Böhlau;Ein Sommerbuch;;1910;Deutsch;;;;;Boehlau_Helene_Ein_Sommerbuch.txt;1910_Boehlau_Ein-Sommerbuch.xml
Luise Büchner;Der kleine Vagabund;;1877;Deutsch;;;;;Buechner_Luise_Der_kleine_Vagabund.txt;1877_Buechner_Der-kleine-Vagabund.xml
Luise Büchner;Die Fee von Argouges;;1878;Deutsch;;;;;Buechner_Luise_Die_Fee_von_Argouges.txt;1878_Buechner_Die-Fee-von.xml
Ada Christen;Als er heimkehrte;;1884;Deutsch;;;;;Christen_Ada_Als_er_heimkehrte.txt;1884_Christen_Als-er-heimkehrte.xml
Ada Christen;Der einsame Spatz;;1884;Deutsch;;;;;Christen_Ada_Der_einsame_Spatz.txt;1884_Christen_Der-einsame-Spatz.xml
Ada Christen;Käthes Federhut;;1876;Deutsch;;;;;Christen_Ada_Kaethes_Federhut.txt;1876_Christen_Kaethes-Federhut.xml
Ada Christen;Nachbar Krippelmacher;;1884;Deutsch;;;;;Christen_Ada_Nachbar_Krippelmacher.txt;1884_Christen_Nachbar-Krippelmacher.xml
Juliane Déry;Selige Liebe;;1892;Deutsch;;;;;Dery_Juliane_Selige_Liebe.txt;1892_Dery_Selige-Liebe.xml
Jenny Dirnböck-Schulz;Aus Mizi's Memoiren;;1895;Deutsch;;;;;Dirnboeck-Schulz_Jenny_Aus_Mizis_Memoiren.txt;1895_Dirnboeck-Schulz_Aus-Mizis-Memoiren.xml
Hedwig Dohm;Werde, die Du bist!;;1894;Deutsch;;;;;Dohm_Hedwig_Werde.txt;1894_Dohm_Werde-die-Du.xml
Ilse Frapan;Altmodische Leute;;1890;Deutsch;;;;;Frapan_Ilse_Altmodische_Leute.txt;1890_Frapan_Altmodische-Leute.xml
Ilse Frapan;»Uns' Ida«;;1890;Deutsch;;;;;Frapan_Ilse_Uns_Ida.txt;1890_Frapan_Uns-Ida.xml
Ilse Frapan;Ameise;;1899;Deutsch;;;;;Frapan_Ilse_Was_der_Alltag_dichtet_Ameise.txt;1899_Frapan_Ameise.xml
Ilse Frapan;Dort oben;;1899;Deutsch;;;;;Frapan_Ilse_Was_der_Alltag_dichtet_Dort_oben.txt;1899_Frapan_Dort-oben.xml
Agnes Günther;Die Heilige und ihr Narr;;1913;Deutsch;;;;;Guenther_Agnes_Die_Heilige.txt;
Agnes Harder;Schlumski;;1916;Deutsch;;;;;Harder_Agnes_Schlumski.txt;1916_Harder_Schlumski.xml
Wilhelmine Heimburg;Großmutters Kathrin;;1904;Deutsch;;;;;Heimburg_Wilhelmine_Alte_Liebe_und_anderes_Grossmutters_Kathrin.txt;1904_Heimburg_Grossmutters-Kathrin.xml
Wilhelmine Heimburg;Maiblumen;;1904;Deutsch;;;;;Heimburg_Wilhelmine_Alte_Liebe_und_anderes_Maiblumen.txt;1904_Heimburg_Maiblumen.xml
Wilhelmine Heimburg;Originale;;1904;Deutsch;;;;;Heimburg_Wilhelmine_Alte_Liebe_und_anderes_Originale.txt;1904_Heimburg_Originale.xml
Maria Janitschek;Das kleine Hündchen;;1897;Deutsch;;;;;Janitschek_Maria_Das_kleine_Huendchen.txt;1897_Janitschek_Das-kleine-Huendchen.xml
Maria Janitschek;Kind Gottes;;1897;Deutsch;;;;;Janitschek_Maria_Kind_Gottes.txt;1897_Janitschek_Kind-Gottes.xml
Maria Janitschek;Klare Rechnung;;1897;Deutsch;;;;;Janitschek_Maria_Klare_Rechnung.txt;1897_Janitschek_Klare-Rechnung.xml
Alma Johanna Koenig;Schibes;;1920;Deutsch;;;;;Koenig_Alma_Johanna_Schibes.txt;1920_Koenig_Schibes.xml
Charlotte Niese;Aus dänischer Zeit;;1892-1894;Deutsch;;;;;Niese_Charlotte_Aus_daenischer_Zeit.txt;1892_Niese_Aus-daenischer-Zeit.xml
Charlotte Niese;Der verrückte Flinsheim;;1914;Deutsch;;;;;Niese_Charlotte_Der_verrueckte_Flinsheim.txt;1914_Niese_Der-verrueckte-Flinsheim.xml
Charlotte Niese;Die falschen Weihnachtsbäume;;1920;Deutsch;;;;;Niese_Charlotte_Die_falschen_Weihnachtsbaeume.txt;1920_Niese_Die-falschen-Weihnachtsbaeume.xml
Charlotte Niese;Corisande;;1896;Deutsch;;;;;Niese_Charlotte_Geschichten_aus_Corisande_Corisande.txt;1896_Niese_Corisande.xml
Bertha Pappenheim;Im Storchenland;;1916;Deutsch;;;;;Pappenheim_Bertha_Erzaehlungen_Im_Storchenland.txt;1916_Pappenheim_Im-Storchenland.xml
Agnes Sapper;Das Mooserl;;1901;Deutsch;;;;;Sapper_Agnes_Das_kleine_Dummerle_Das_Mooserl.txt;1901_Sapper_Das-Mooserl.xml
Agnes Sapper;Helf, wer helfen kann!;;1901;Deutsch;;;;;Sapper_Agnes_Das_kleine_Dummerle_Helf_wer_helfen_kann.txt;1901_Sapper_Helf-wer-helfen.xml
Agnes Sapper;Die Familie Pfäffling;;1907;Deutsch;;;;;Sapper_Agnes_Die_Familie_Pfaeffling.txt;1907_Sapper_Die-Familie-Pfaeffling.xml
Johanna Spyri;Am Felsensprung;;1886;Deutsch;;;;;Spyri_Johanna_Am_Felsensprung.txt;1886_Spyri_Am-Felsensprung.xml
Johanna Spyri;Aus dem Leben;;1901;Deutsch;;;;;Spyri_Johanna_Aus_dem_Leben.txt;1901_Spyri_Aus-dem-Leben.xml
Johanna Spyri;Einer vom Hause Lesa;;1890;Deutsch;;;;;Spyri_Johanna_Einer_vom_Hause_Lesa.txt;1890_Spyri_Einer-vom-Hause.xml
Johanna Spyri;Rosenresli;;1882;Deutsch;;;;;Spyri_Johanna_Rosenresli.txt;1882_Spyri_Rosenresli.xml
Johanna Spyri;Und wer nur Gott zum Freunde hat, dem hilft er immer wieder;;1882;Deutsch;;;;;Spyri_Johanna_Und_wer_nur_Gott.txt;1882_Spyri_Und-wer-nur.xml
Johanna Spyri;Was soll denn aus ihr werden?;;1874;Deutsch;;;;;Spyri_Johanna_Was_soll.txt;1874_Spyri_Was-soll-denn.xml
Frieda von Bülow;Die stilisierte Frau;;1893;Deutsch;;;;;von_Buelow_Frieda_Die_schoensten_Novellen_Die_stilisierte_Frau.txt;1893_von-Buelow_Die-stilisierte-Frau.xml
Frieda von Bülow;Sie und Er;;1893;Deutsch;;;;;von_Buelow_Frieda_Die_schoensten_Novellen_Sie_und_Er.txt;1893_von-Buelow_Sie-und-Er.xml
Marie von Ebner-Eschenbach;Der gute Mond;;1886;Deutsch;;;;;von_Ebner-Eschenbach_Marie_Der_gute_Mond.txt;1886_von-Ebner-Eschenbach_Der-gute-Mond.xml
Marie von Ebner-Eschenbach;Der Herr Hofrat;;1912;Deutsch;;;;;von_Ebner-Eschenbach_Marie_Der_Herr_Hofrat.txt;1912_von-Ebner-Eschenbach_Der-Herr-Hofrat.xml
Marie von Ebner-Eschenbach;Der Vorzugsschüler;;1898;Deutsch;;;;;von_Ebner-Eschenbach_Marie_Der_Vorzugsschueler.txt;1898_von-Ebner-Eschenbach_Der-Vorzugsschueler.xml
Marie von Ebner-Eschenbach;Die Freiherren von Gemperlein;;1889;Deutsch;;;;;von_Ebner-Eschenbach_Marie_Die_Freiherren_von_Gemperlein.txt;1889_von-Ebner-Eschenbach_Die-Freiherren-von.xml
Marie von Ebner-Eschenbach;Die Spitzin;;1901;Deutsch;;;;;von_Ebner-Eschenbach_Marie_Die_Spitzin.txt;1901_von-Ebner-Eschenbach_Die-Spitzin.xml
Marie von Ebner-Eschenbach;Ein Spätgeborner;;1875;Deutsch;;;;;von_Ebner-Eschenbach_Marie_Ein_Spaetgeborner.txt;1875_von-Ebner-Eschenbach_Ein-Spaetgeborner.xml
Marie von Ebner-Eschenbach;Maslans Frau;;1901;Deutsch;;;;;von_Ebner-Eschenbach_Marie_Maslans_Frau.txt;1901_von-Ebner-Eschenbach_Maslans-Frau.xml
Marie von Ebner-Eschenbach;Oversberg;;1892;Deutsch;;;;;von_Ebner-Eschenbach_Marie_Oversberg.txt;1892_von-Ebner-Eschenbach_Oversberg.xml
Nataly von Eschstruth;Hofluft;;1889;Deutsch;;;;;von_Eschstruth_Nataly_Hofluft.txt;1889_von-Eschstruth_Hofluft.xml
Louise von François;Der Katzenjunker;;1879;Deutsch;;;;;von_Francois_Louise_Der_Katzenjunker.txt;1879_von-Francois_Der-Katzenjunker.xml
Louise von François;Phosphorus Hollunder;;1881;Deutsch;;;;;von_Francois_Louise_Phosphorus_Hollunder.txt;1881_von-Francois_Phosphorus-Hollunder.xml
Elisabeth von Heyking;Aus dem Land der Ostseeritter;;1903;Deutsch;;;;;von_Heyking_Elisabeth_Aus_dem_Land.txt;1903_von-Heyking_Aus-dem-Land.xml
Elisabeth von Heyking;Das Geheimnis des Amerikaners;;1905;Deutsch;;;;;von_Heyking_Elisabeth_Das_Geheimnis_des_Amerikaners.txt;1905_von-Heyking_Das-Geheimnis-des.xml
Elisabeth von Heyking;Über einen Hund und die Monroe-Doktrin;;1905;Deutsch;;;;;von_Heyking_Elisabeth_Ueber_einen_Hund.txt;1905_von-Heyking_Ueber-einen-Hund.xml
Malwida von Meysenbug;Der Pfad der Äbtissin;;1907;Deutsch;;;;;von_Meysenbug_Malwida_Der_Pfad_der_Aebtissin.txt;1907_von-Meysenbug_Der-Pfad-der.xml
Ottilie Wildermuth;Das Osterlied;;1900;Deutsch;;;;;Wildermuth_Ottilie_Die_alte_Freundin_Das_Osterlied.txt;1900_Wildermuth_Das-Osterlied.xml
Ottilie Wildermuth;Des Herrn Pfarrers Kuh;;1900;Deutsch;;;;;Wildermuth_Ottilie_Die_alte_Freundin_Des_Herrn_Pfarrers_Kuh.txt;1900_Wildermuth_Des-Herrn-Pfarrers.xml
Ottilie Wildermuth;Es ging ein Engel durch das Haus;;1900;Deutsch;;;;;Wildermuth_Ottilie_Die_alte_Freundin_Es_ging_ein_Engel_durch_das_Haus.txt;1900_Wildermuth_Es-ging-ein.xml
Sophie Wörishöffer;Gerettet aus Sibirien;;1885;Deutsch;;;;;Woerishoeffer_Sophie_Gerettet_aus_Sibirien.txt;1885_Woerishoeffer_Gerettet-aus-Sibirien.xml
Sophie Wörishöffer;Onnen Visser - Der Schmugglersohn von Norderney;;1885;Deutsch;;;;;Woerishoeffer_Sophie_Onnen_Visser.txt;1885_Woerishoeffer_Onnen-Visser-Der.xml
Sophie Wörishöffer;Robert des Schiffsjungen Fahrten und Abenteuer auf der deutschen Handels- und Kriegsflotte;;1877;Deutsch;;;;;Woerishoeffer_Sophie_Robert_des_Schiffsjungen_Fahrten.txt;1877_Woerishoeffer_Robert-des-Schiffsjungen.xml
Franziska zu Reventlow;Das Logierhaus »Zur schwankenden Weltkugel«;;1917;Deutsch;;;;;zu_Reventlow_Franziska_Das_Logierhaus_Zur.txt;1917_zu-Reventlow_Das-Logierhaus-Zur.xml
Franziska zu Reventlow;Das polierte Männchen;;1917;Deutsch;;;;;zu_Reventlow_Franziska_Das_polierte_Maennchen.txt;1917_zu-Reventlow_Das-polierte-Maennchen.xml
Franziska zu Reventlow;Der Herr Fischötter;;1917;Deutsch;;;;;zu_Reventlow_Franziska_Der_Herr_Fischoetter.txt;1917_zu-Reventlow_Der-Herr-Fischoetter.xml
Franziska zu Reventlow;Die Silberwanze;;1917;Deutsch;;;;;zu_Reventlow_Franziska_Die_Silberwanze.txt;1917_zu-Reventlow_Die-Silberwanze.xml
